{
	"name" : "itemacro",
	"title" : "Item Macro",
	"description" : "A module that allows macros to be stored in items and executed in various places.",
	"author" : "Kekilla#7036",
	"version" : "v1.3.2",
	"minimumCoreVersion" : "0.6.0",
	"compatibleCoreVersion": "0.7.6",
	"esmodules" : ["scripts/main.js"],
	"styles" : ["styles/button-config.css"],
	"systems" : ["dnd5e", "sfrpg", "swade"],
	"languages" : [
		{
			"lang" : "en",
			"name" : "English",
			"path" : "lang/en.json"
		}
	],
	"url" : "https://github.com/trioderegion/Item-Macro",
    "manifest": "https://raw.githubusercontent.com/trioderegion/Item-Macro/master/module.json",
    "download": "https://github.com/trioderegion/Item-Macro/raw/master/module.zip"

}
